,X,Y,Z
0,3.2434139742891985,-5.313031949461793,-0.09460901870685402
1,1.3632330636603989,-8.533423580433066,0.053675295892309016
2,-4.587498070347978,-5.075747673654278,-0.23429890770878936
3,3.5845958733050445,-13.641348867566723,0.540382835526211
4,-1.1409819136158597,-0.2684897194948252,-0.07360969863018864
5,2.6051546809417006,7.9175313898796205,-0.16239011873487064
6,-0.4547903387259852,-0.7198929056824865,0.12852501710044573
7,0.8811031864119617,1.2875984029091998,-0.05318377761129156
8,-5.456159715880218,-3.171089620496463,-0.11896368287775516
9,0.7948294864833289,-5.024545807684161,0.021459954427001993
10,-5.627123229361269,-0.26603986451535167,-0.24576039925927343
11,3.7161756106115065,2.6851064463714276,-0.23696878933002632
12,-3.2419185529383405,2.247124532395337,0.3554409796438871
13,9.622298961382054,3.5655779206430545,0.27125226446702344
14,7.504906960848633,-3.938314959219929,-0.31563519285682995
15,-1.2315924753443928,-9.271791861733972,-0.12281180033982197
16,4.508859195450362,8.58816620755845,-0.2732998609590376
17,0.0740770042299666,10.885123583602448,0.1583627524580793
18,14.21371332393227,-0.9808323524808038,0.12824539129988022
19,-2.275023102213338,-1.397147521421423,0.10778966289605707
20,2.6019101177187274,1.6316851441595706,-0.017699553128967427
21,3.561250228830713,-7.150333301610918,-0.24928325358215456
22,3.4534970874204434,-1.9029477406656237,0.19937060366788018
23,-2.4954865898973364,-11.782077754543318,-0.19137260987731697
24,4.400194643036394,-4.362756142472593,-0.3247486350402542
25,4.556164107117532,-2.199602279544748,-0.0745678624650421
26,2.0164142614154734,1.956150079487652,0.2922039389947275
27,-4.285282870520873,3.3444728968270865,0.11017451797348388
28,-2.039686510398335,-3.4455175712321795,-0.244651849755539
29,-1.0583781747066991,-0.8225900805512708,0.3298887937072603
30,-1.2211342085665362,13.018298834906872,-0.2791588665645359
31,1.0876269458833332,-2.171341907747279,-0.2519869722269261
32,2.971242054844376,0.07501772016120986,0.43804132216966707
33,-2.4043420553743897,-10.757218280552339,0.16528217112715107
34,-5.6809099521448365,5.748626367607041,0.2065603252545225
35,-3.325076472053755,-7.858390256152296,0.35522767289415214
36,-3.8450228473731083,-2.9160878273168467,0.19297842947276944
37,-3.598795601933968,1.9069459426363016,0.3058166194471923
38,0.5989258646296935,-3.1096788258242305,0.052820442227899715
39,1.6329958322274587,-0.26743263123785116,0.2946969679706961
40,15.170283789519543,-9.994200659886856,-0.45507799751777345
41,1.0514531236161697,4.1910641441752885,-0.03186990250163246
42,-1.7645940241809657,-1.1420638869005437,-0.5322237757673292
43,2.270192334560315,-4.260558313731437,-0.6217046286562851
44,-5.752846743288941,2.8980801338861277,-0.18115620399204913
45,10.869229623245058,-5.479602015592112,-0.6936065285696356
46,-0.4704914024456513,-8.804120852507614,0.2380433887457114
47,1.8677420009555354,-1.8100340955507246,-0.2236200220985882
48,-2.869730911019901,3.894276643119556,-0.15956917193422096
49,9.082230613565166,-2.7685387404304405,-0.06768985355661883
50,-0.09782937885230923,2.670589328967213,0.07004865194163301
51,3.8272148278853875,5.5834410818529925,0.08235456065772029
52,-18.285395852033165,-6.945862966917329,0.038222313391032436
53,-12.338942525000732,-0.9584972915502705,-0.5041379137473578
54,0.19821597314122924,10.27049383800227,-0.10324226617174181
55,-1.465753207311401,-1.0129184671336384,0.39949908644506804
56,8.527964766578606,7.905641743959238,0.02094832923630774
57,1.188457056749489,-7.675086034299187,-0.18529470098235915
58,5.856699883919675,-1.396485039539334,0.4370524308503829
59,-3.022179125549236,-0.40661895745113874,-0.04765717532903003
60,-8.277061554236122,14.842428478436409,0.061962330259547116
61,-8.996094414602295,3.8271590653387015,-0.19552118012870423
62,4.109336373884993,8.575160302595917,-0.07852799129556187
63,-5.20587823534212,0.43480858485168533,0.19877762764312967
64,4.088221349870597,12.487506481045765,0.15361130554370472
65,1.6650397193022481,-2.432963977559002,0.7609944478263801
66,-8.141538460521273,13.63491515406186,0.038655327728228446
67,0.30212523817719017,-13.51246116443124,-0.08418236313339245
68,-6.912149871536856,5.353725498545376,-0.0686551701996274
69,-6.181731456457146,-0.5770538132845122,0.30181988582068575
70,4.455491312698979,3.37633926852098,-0.0377663790250744
71,0.5985000118819731,-2.785253559636744,-0.0457154240040758
72,9.693459373263765,0.800420263086329,0.1703186410393771
73,-0.7567376908865846,-0.5915061860116791,1.434705029628995
74,1.7771693766375074,-8.5986601156659,0.2244929469083119
75,1.2378478735588776,-9.799252590925185,-0.2258481616337895
76,-5.187311744642093,4.564830913530829,-0.36061982355339817
77,-5.340558174218594,-13.456945377113094,-0.0664287016502132
78,11.936136664545913,-5.085805836142257,0.10831994656610265
79,-0.6162048686030257,-10.898120557639361,-0.2121676080929693
80,4.5376343807870265,8.239470318027841,-0.11262421683101122
81,-3.2177907841382414,1.176774725215173,0.009579734691460118
82,-0.6573098707081814,-4.163845984692192,-0.22283602574217154
83,0.8170721370084045,0.1243069126640794,-1.5138072259180038
84,5.594481574005997,14.020011570802978,0.2524046408657954
85,-2.7951738890051767,-5.731638919641502,-0.009704662919749918
86,2.8542615373260394,-3.531402482007432,-0.24678287523075193
87,-3.0975806774386463,2.633346773718756,-3.517950955300719e-05
88,1.608233555493332,-7.772450719268336,0.8543056243308618
89,-4.582909239708757,10.413395782050044,-0.29245802894141093
90,0.6856811298039832,-1.140924341162339,-0.3447244523353552
91,9.19052569353355,-14.980956259739028,0.0767020469752997
92,-9.8507640467541,-0.7817540645198822,0.45528253224379034
93,-1.375361062927832,9.61174320942662,1.9744780600733614
94,-0.3010426063876919,-2.817241187114028,0.40220959341870977
95,-1.250340139097396,-1.9415167863379326,-0.0842062170811766
96,-7.747103786249805,2.005325831465148,0.1496065996895335
97,-0.1497351641280363,4.703469809071771,-0.08444059914366875
98,0.009129859385122958,1.8769312210579279,0.26755662426203886
99,-0.5564613998769007,-2.8197217004978072,-0.3370144385097662
100,1.345136532140977,6.0234428819475765,0.4745217419900416
101,-3.182110292613498,-7.980463978746368,0.009504724233425854
102,8.66252447167192,3.439992305492578,0.04500121187409434
103,7.147499136307918,8.087639615245543,-0.014915336166842597
104,0.3855614719698669,5.422496719486868,-0.13676713889675218
105,-3.052507561717179,-14.10276587773049,0.2802213021766411
106,0.12208940216666633,0.6825137630171902,0.009577585063154093
107,12.580286821045663,1.628511141469873,0.13547045078015255
108,-2.753815989456579,-5.013739319254537,0.09195151223546993
109,6.012286001591326,-9.917949612619045,-0.29439454578538804
110,-12.226315527304882,-1.3952630513266606,-0.29055918349000676
111,7.49232206049514,-8.013418368735834,-0.4170651204040188
112,-1.7177051316734497,-2.8470348572889628,0.199533592182227
113,-4.052039478868945,-0.6196097484249221,-0.19250563231856077
114,2.5901603105660267,-1.6333001922693369,0.011263797760601602
115,-1.4054419800200053,-0.10432160838107335,-0.22458560117259022
116,-1.9652836456729097,3.6253360220579287,0.9542678564088352
117,1.5868700120110981,-2.6260554282879878,0.014335526057591697
118,4.708760600896153,-5.714457799113625,-0.055689032130003195
119,-11.744827318298938,-1.6365185216194407,0.5876190058137243
120,8.328197617113434,10.777955623357736,0.17505914158323055
121,-11.0599080266054,-9.700450054055128,1.5301658089528947
122,2.8087138931868165,0.9013045179387738,-0.374373872634695
123,-2.0771428354473067,-4.2634407392666365,-0.17524650893430893
124,-11.203025089442404,-1.998178519488411,-0.34106776780509307
125,-9.000408440379417,-8.372628072725984,-0.3747387325327849
126,-15.457990408573064,-2.7834279465003835,0.1507034113219743
127,-1.5088897304131528,1.6963350724334771,-0.04423586351935383
128,5.261620648089847,-5.460021831767364,0.0214326837374772
129,4.888146804428857,-5.444614436324666,-0.09481080150786347
130,-0.31083482874420426,-8.19607452072989,-0.3415242916041388
131,3.7843556460518886,4.210680859591838,-0.013803170732662018
132,-0.3408810800123877,-0.2817095552326662,-0.9835632423273934
133,4.393684684331407,13.11671958237099,0.5071681168018438
134,4.823391207540185,14.156654708981533,0.19940295094270685
135,5.576025079996769,4.332581771444852,0.06420176977495906
136,-6.405947998182838,2.0826312936800244,-0.017799569096832002
137,-9.441215390782098,16.147478207903507,-0.06426445535162495
138,0.7221924225212212,-4.510460382327702,-0.3451401580984186
139,0.035856152666732984,-11.330415408082857,-0.053071974358214646
140,6.796754524222608,-0.08056993720291598,-0.3353374961418547
141,-7.501125490435423,-8.255491994234664,0.3036889546107213
142,3.8944541355976496,2.4603478238442236,0.16649820120562087
143,-2.259824647396575,-9.701259815120913,-0.10335251279279321
144,-9.154877481561401,2.722718568500333,0.43707278287745277
145,-15.208636087993046,3.9167060569600753,0.04306630279284506
146,-1.401702541789218,1.9629509502763747,0.5877101873052215
147,2.2504573486956043,0.3895844515540902,0.20031136936579452
148,-9.993195599156303,-7.632777478621313,-0.12958362708225346
149,0.9147268107453022,16.469107967965442,-0.5184939497775146
150,18.53413042009039,0.27277037879122384,0.011589537970107422
151,-11.60169169706404,4.538236827695984,0.46947850675674196
152,5.245860637171392,-5.7238671969679,-0.2254091033722232
153,2.0202141731890184,3.667368232667014,-0.30770045895806586
154,-3.1193437854482946,0.18878233432878394,0.15619896418728496
155,1.111022126097057,4.464967347655343,-0.005258851983973134
156,3.5441381133561776,-6.1477466296021746,0.34781010825831427
157,11.918610062694643,3.8366517503391946,0.08570017741447478
158,-7.283059237380915,-3.2228647871023397,0.07145955372808421
159,8.246276350182027,-6.599025924001943,-0.35056830862224153
160,6.1107606628897795,-1.1134321909332425,0.0312981141475519
161,-3.556813852660354,-8.09281255007418,0.16228999533813981
162,-0.32168952880886464,-2.0751150067106843,-0.1845865603374106
163,-3.1839229304147705,-1.217497065314801,0.08688988051945534
164,8.712301558994533,14.922840274720642,-0.4065630800706428
165,3.4405642046492675,-3.6787273186210543,0.0353273270635972
166,1.357846953802526,-2.5612354778276547,0.5817193080478242
167,-8.888072611237673,2.249200018624733,0.013940003248826383
168,5.091523745273487,-1.119133795473522,0.11686389589225321
169,-2.722621731075038,0.6921014856925004,-0.19347940959953466
170,2.2812866765992834,-5.463558708292088,0.739320894148122
171,0.2846547093953505,2.207916204135955,-0.009323174641196363
172,5.011556844854691,-17.9860340764751,0.4446228682853217
173,-4.150213499253521,0.5634872202059962,0.38922467634105073
174,3.9940862722352954,0.9688292673865417,0.3222005779537307
175,-7.481575750920708,-13.327277269440664,-0.10204163440878533
176,3.6040910274593365,-4.596747581973777,0.39390782308993666
177,-4.793666993758003,0.8016332455881314,0.519583339831196
178,-14.402191382459817,2.2069560082063444,-0.2258129363543202
179,4.688484878959083,11.269267146378072,-0.2950085749507809
180,-7.263417665158033,8.898654231926036,0.0804920255657593
181,-1.0003585187556812,4.5995897686124225,-0.19442549053464295
182,4.942117320702521,-8.660762971124639,-0.7207571491330129
183,1.1474082738271467,-1.841887937104907,0.2662994619476682
184,-10.239866840731766,-5.462280429567529,-0.28586133772142563
185,-1.1876309036535548,-2.480454269129034,0.24791829507692809
186,3.0682799959492453,-5.176488803934605,0.40935454441355335
187,-0.29557651444310984,9.815715250916899,-0.43988147166775304
188,0.8803302690172131,3.0740874647772247,-0.16868000664207902
189,-1.704296957175466,10.576953356192181,0.044405302073237785
190,-1.3530127739713953,2.568356135931123,-0.2295964324014279
191,-0.09227794988036832,-11.551632310535364,0.0831191460498264
192,2.3246373101400883,-15.630802784927544,-0.11436628812446914
193,-4.942235791755236,8.036616789574623,0.19764923773918097
194,-5.317725433385543,2.250169127971187,0.199491609883367
195,0.9807361893941723,-3.772379155227676,0.010316387748481315
196,3.5861940849852973,6.669584242503445,-0.0123373446686732
197,-0.2774794284466328,-0.8695589071621248,0.2597087002463794
198,-7.343269691626409,-9.704767599446331,0.0793067120337998
199,1.7393362370685543,0.4066529122847842,0.36332274671092124
200,4.523882666619559,10.601952726204683,0.5223072059379148
201,2.2793205197846094,3.630830074386391,-0.3981085583374795
202,-5.973480690125892,9.772556278097051,-0.052807607095043174
203,-2.1016616138526336,-3.589824126933099,0.2899746918797641
204,-1.4675244246811536,-4.672280606444285,-0.25494376899268856
205,1.618221415798982,0.22120690314456973,-0.09585128289820588
206,-0.5565589494863333,5.778586819836673,-0.6864882030376864
207,-1.7721524885006037,-5.086742134448377,-0.33327762198840594
208,4.433776477747191,4.973181046541087,0.11147357209304287
209,3.8683622763838645,-4.930299785138897,0.44641427132739375
210,4.346847907745103,2.7448686454341873,0.07323804359475927
211,7.083186777660107,-0.05386119035914915,-0.39998195952458815
212,0.926369224640576,0.9837023402063869,0.1579695765541702
213,-3.607706186061346,5.019117264568357,-0.004802298308001607
214,1.0470452840763977,2.271362315893935,0.481323350208152
215,-11.95277106898256,-13.236999331264759,-0.22347615336835824
216,5.31331900315189,-15.382100774500033,0.5736210557198285
217,2.4646573912789296,0.2205224074882056,-0.06507292094017414
218,4.521960028223161,2.182342644257682,0.054650847157545986
219,9.793261848191696,-3.9072928797357287,-0.3167311621873794
220,1.302951023866929,-2.639355543869643,0.19234913147380794
221,-4.03587771676652,-8.324840725329645,-0.00789731554606643
222,-4.5746267792792175,3.2526910074865714,-0.04419219244085415
223,1.1030607086431115,2.5537314983117056,0.2665181134643606
224,-1.954818250236359,-4.369422098173575,-0.0027842806050895064
225,0.9703725303264223,-2.686651167527221,0.05773037367353461
226,-7.314870602905527,-18.4578372982043,-0.05623484628115661
227,-3.8691108928954234,-7.502827358661126,-0.01828722341036615
228,-16.65780733392022,5.301250851995739,-0.1736096295438605
229,-0.769548897363193,-0.4656941416999,-0.7887300982157184
230,0.3896920395565646,5.090179138052587,-0.016785361839856794
231,-0.47103511551235544,2.6901791808131583,-0.1826909892716544
232,-4.8977933022647315,-10.356085322801801,-0.1468210107152843
233,-3.05414545131996,2.2280348135125525,0.386298662508211
234,-5.08209116910466,5.2409110176881715,-0.11620747880616245
235,-10.06749555834616,0.8807571651085945,0.8186294269022034
236,-7.610593357567056,-0.5140044574517247,-0.08664792725098058
237,2.152968624052786,10.037651332593171,-0.15787575082708916
238,-7.62298772427207,-1.3990374063550937,1.1332038551442527
239,1.7080628684832908,-1.24596652153539,1.0650720684403465
240,1.4348677314488434,9.8013977359382,-0.03766922802147165
241,3.0331991726081653,4.641833814872272,-0.4004724721112316
242,-0.1965460001362494,-1.8599887253897893,0.01992056484341509
243,2.955919037785762,-1.2905700089328151,-0.3574568439683419
244,0.126477077519179,6.745050590313212,0.11402548167479898
245,0.36759794697719483,-0.6464047052970442,-0.10035062617035173
246,1.3033803231177616,4.3651410895525355,0.1091567438401202
247,7.770112173129867,-14.576113779661046,0.04254821898683004
248,13.104441788374134,1.0100213123080963,-0.216945825004057
249,-0.5458712868344806,4.113033151439102,0.9351895195438242
250,5.1526252152962595,-6.482976465536675,-0.46174048662181466
251,1.0822605282996691,-0.6605156809584047,0.03203940764900004
252,1.3789420436381348,0.7807929658183205,-0.08647320759832455
253,4.599235690974498,19.30779539430357,0.04478346976161562
254,2.7165267953085075,1.197300145256343,-0.2361744338802505
255,7.8686024695246,-4.420573798266135,-0.14361092691803234
256,5.439629407803133,0.34964994233178387,-0.22968533621660736
257,2.720977928355195,-2.660914578273844,-0.39119580632619355
258,5.668947165407422,0.5735935390658335,-0.16849277556832032
259,-4.440679484795673,-4.694810233728698,-0.06443780576237979
260,3.2343820971791715,-1.4420369043649195,0.4578971894488082
261,-2.801385875388518,4.619083594399585,0.33736390024017826
262,1.9126060747586118,3.0856420867276078,0.6501195418535848
263,-6.023439011415487,7.830015469271759,0.13848122473486013
264,-4.79693884944756,-0.297667145825523,-0.2299856194287755
265,-1.9894679989717792,-0.7713752583201257,0.15428138716667394
266,0.777977079421237,-0.35588730463577073,0.1272376294674964
267,-9.270047493188052,7.814076984941289,-0.2436184591606403
268,-0.8929764360596758,-9.337374497550696,-0.08213394936379537
269,11.534899151120285,5.770796896394958,0.04842920054055221
270,0.7226700375777162,4.319342862676771,-0.12467589667642542
271,-1.2268162383327743,-4.6197496776309865,-0.2261978609082531
272,9.899433091462328,8.825501576995453,0.10807694659968535
273,5.156650930774696,-2.3692798364150347,0.27309640661723655
274,3.6518093169636896,4.236195508408507,0.06301502003487736
275,0.6483350752095907,0.9033860211464577,-0.12625248746535522
276,13.716607191557117,4.322121764151067,-0.13176088465410496
277,5.662231859816722,-6.179684989365804,-0.2797511537115396
278,-7.340885682261062,9.009329561740534,0.24241466007720017
279,2.313162252296492,1.5420136074439328,-0.12742086472426806
280,-2.1714022624380322,-5.855081280417075,-0.3176138516249738
281,3.968910979289117,7.1984004935416275,0.6854644443641509
282,-1.6742784735981053,3.5457798084002414,-0.1812108150267484
283,0.24489006733979507,-5.851404425756768,-0.06361744226543253
284,-4.626731466487427,-1.980137308121099,-0.1933489837228164
285,-7.739988822756713,-4.651893098407784,-0.011800396510216249
286,-3.19308135566369,-9.918244808018096,-0.04119501751728727
287,2.175085000941923,-4.424403543850925,0.9243020940134663
288,1.712422601832073,-4.790265975575546,-0.2192795904133806
289,5.713331271154831,-0.6431107997864537,0.1407640315344243
290,6.372695680961314,-10.06800528851651,0.2537292592323297
291,-6.353438280713477,-4.288307714040467,-0.15796340084855398
292,6.613709722890599,-3.687824372847307,-0.0646975923095443
293,-11.632396772560814,6.006562984964428,0.4803298445103899
294,0.9337536785941951,-5.339156962098846,-0.8785489356202238
295,3.8769146949754276,-3.981131016699094,0.08748097615975015
296,4.543323223618594,-4.451196888723355,0.03902731486122014
297,-4.382624161060563,-0.42332527951224924,0.49604493035611474
298,3.138294447913122,0.43648924525879057,-0.23321996488434982
299,-2.0996763561662624,-6.4949523247140295,-0.07658789609988892
300,-11.57637809004218,0.23822161127330563,0.19946674801760086
301,-1.0682879110388883,-19.456366594761615,-1.2474716579766274
302,7.977278435646651,-1.9516218619583354,0.5954201329971611
303,12.284724902954878,9.686595093942062,0.016289438804015788
304,-2.587656304252651,9.63218395312281,0.35595037362062065
305,8.340451848402097,-6.984278799699736,0.23724080919858892
306,3.1209861643370798,6.195847298139694,-1.3624977942572452
307,-16.869230081906963,6.2792967888941105,0.4991601009387261
308,8.506159928099848,6.385989587241889,0.013831765320691858
309,2.58922412769177,-7.755808900342323,0.261205950241977
310,-4.979760581251981,7.841161126730744,-0.5646051199120694
311,1.344608839606979,-3.447262522470808,0.10242782677996365
312,1.5660024462891466,0.7140656898049994,-0.1492536338832786
313,6.722942827442771,-6.5329376726006565,-0.21530407511440686
314,-2.3446511409023922,-10.119168115293338,0.06612877999672319
315,-2.9292138273913304,-3.4999537256903777,-0.4641289331779799
316,-6.132306257814763,1.5040096459900112,0.08066721854223102
317,-1.5467675453733052,-4.512884420054711,-0.03049477293537839
318,1.8850914352812222,-3.06460920787008,0.04968566592786373
319,6.350523822215866,-4.182571721577257,-0.0901755322732054
320,-6.2734106003070975,0.22782211336776642,-0.4039614712518045
321,-3.3515246327642902,0.7045549381604622,-0.5992551551403329
322,-7.172369208066094,-6.457647079486457,-0.06853642493787149
323,3.8134764624416406,6.3523994175321405,-0.23236885896366433
324,-7.80729774465646,17.73431331715434,0.020763561994176616
325,3.0782161046902625,-2.6710901892018803,-0.5812801467039721
326,4.187028330053148,6.2370368141824155,-0.29355872832755425
327,-0.04888882650604002,-2.2020820916324624,0.11036085886398661
328,-2.3514517600886498,-1.4172458185268475,0.46017092544506255
329,-5.0101580878602245,-1.2864309332665746,0.04096925960982567
330,-2.4578886497830235,-13.174193725654145,0.009290966509466259
331,-4.132429751496692,-0.45473994640611326,0.3480305017990948
332,-11.115215205916114,0.10835255111849475,0.04335059160143828
333,-2.7788084855507065,6.628451071768418,0.18207656330805744
334,2.4934318592163764,4.192313770924854,0.33756855903027816
335,-0.12129438996823677,-5.3358734427398655,-0.20769953458321933
336,0.8664378669915447,-0.12956078771869273,-0.02027858227384849
337,-1.8597038402366766,5.828668386014943,-0.712995261185005
338,0.6805564642236387,-11.036083871974125,-0.021140559924416102
339,1.3362017358510052,-9.06831944462307,0.5584257530448218
340,-1.713098171125707,1.6913542927343932,-0.04292581944192708
341,1.9078252325676563,6.567803411631716,0.38782547556374514
342,2.319311127078534,5.097092514165957,0.08567562173198473
343,10.168384882161067,11.831045061738266,0.07732250774049243
344,-4.811700499495465,0.014247681318083934,-0.1450400406404535
345,0.6692106788563559,4.121633025477617,0.3597046190947868
346,6.6225381532045295,-0.6104185346991627,-0.08879150632447887
347,-5.8640821928763005,0.9253003636448356,-0.15933756200351246
348,2.199675260620834,-3.7733785954323458,-0.18707206681640987
349,3.58548679875231,11.201835353598641,-0.19478442517167327
350,0.3449256224929348,-1.2233597431977887,0.027495847091409065
351,17.60193416787595,-9.062984376128613,-0.09015402214956313
352,3.1622824256973523,-3.660160509952194,-1.8071505173539593
353,-12.261566107846246,12.44428338038565,0.36291513854382496
354,0.08456783486336551,-0.8819710037655036,0.7027745534739092
355,4.217249257146426,-6.698755333917931,-0.16191967691843165
356,-0.9636673164211561,-1.1411786055912925,0.263005754580635
357,-8.265731377027628,8.597454841067782,-0.21881224696251822
358,0.05151980618960657,4.069994270243643,-0.0100004463055261
359,0.5183798103989067,-2.3837604936590613,0.01639881214679706
360,-0.5488082875290505,2.301018588000385,0.23116173470991397
361,-5.546361401074932,-5.4310847017243855,0.3119482665918687
362,2.112548517397849,7.850453644083704,0.11282521711481408
363,3.392187116982982,3.1001834591315887,0.19354987598244167
364,8.903206489715167,-12.679901761850195,-0.09937033449334808
365,-12.202245428467982,-2.830284068218331,0.3044791577128785
366,6.43074202504875,3.300061741609674,-0.5446568292871157
367,-8.535494005067331,-4.592445870882542,-0.26725290838947663
368,-4.950395769259182,-5.380288518785603,-0.25507169437131605
369,1.380344935929904,3.9745088280783527,-0.022724490107116413
370,-13.155077507620048,0.322091275134497,0.27664349611391925
371,2.8895738245932097,4.393972708484679,0.8706772881100884
372,2.6298052302198265,1.5545943961716135,-1.0516316276390816
373,-1.7121346799387056,1.8819297248877613,0.19011763139497082
374,15.432252271545211,-2.1340912132067293,0.14569107335292666
375,-8.417261537625656,4.07093671783327,-0.21706906443921126
376,-16.022383097875665,0.32571278228938777,-0.7078774439872926
377,7.7729058056763956,-0.45756802874399,0.019174941777286403
378,-3.303172281362161,-1.1064202148094073,0.10261378119121511
379,-0.46427673385454404,-0.823441466905257,0.6157045063332811
380,-0.19774833780666973,-5.6026604956374735,0.06313432311325862
381,10.329228803124463,8.110107009429154,0.08943894877033375
382,-11.00329731112215,-1.1448609588923064,0.1356109878876297
383,12.656118543505427,-7.767900433648382,0.08412219409711597
384,-3.930266983533515,2.1961816029873744,0.31906516619950587
385,1.6276343718016852,3.952624105456361,-0.2479485235719614
386,7.456297654702202,-8.13396290484365,-0.1181659260226171
387,-6.508839027709848,-4.125479093167465,0.30061186830355036
388,2.760730040586945,-10.629128562822935,0.16088344923265518
389,-2.205825008747675,-0.8487448663359426,0.0329855031142543
390,-4.6956632927307576,-0.6804997773934052,-0.04186611738169699
391,-13.057567013044032,-13.558525959486527,-0.5186315407956217
392,-1.6953335429608896,4.987217282301089,-0.031391979107172396
393,7.654640670930673,9.116747863096835,-0.1586217848408773
394,-2.983065978074573,-14.695649529090234,-0.392674904475776
395,9.30169702301332,4.028091693123363,0.027201781786988732
396,4.026452661845953,-2.425894757412468,-0.008032238064985986
397,-5.71793237398855,-5.44906475392273,0.2939756388055925
398,-1.9891807834736779,1.0647663398490135,0.33884445650977346
399,-1.219936794318784,5.201003344350179,-0.15807459954309167
400,-1.6670040573840694,-1.0149415092192766,0.1669703890782075
401,-4.08836580620495,2.5545194810404404,0.060083031544600374
402,7.482238628143402,-0.29720145913868307,0.0166744195265216
403,-15.680165726195087,2.122767913975641,-0.11881156704249518
404,-1.0673908102394476,-3.805777721133454,0.12192225250023014
405,1.3889473728956285,1.502871466257858,0.1966087657983255
406,5.679156571535061,0.5119915552583225,0.267535478860514
407,-5.947310506804644,0.776410186771283,-0.18613470144928046
408,-0.9172019892223664,3.581098969141734,0.23986437369563474
409,-0.48638519845135786,-3.577914406593798,0.5139119406105381
410,11.285984575375435,0.7546129516857408,-0.09752492899667109
411,1.4875461310260665,-7.807646729663534,0.22965900375633153
412,-0.7575209870341729,-0.7793993184181812,0.013876756597012374
413,3.593678463848163,-5.561282841795081,-0.3673727172109209
414,5.80747674352156,4.56812848252731,0.04068976777220268
415,6.575810990362435,4.5340870069146755,-0.078104482821574
416,1.4801211983973628,-11.954556564608207,0.2621386033755737
417,4.618930436925701,1.9835368545625394,-0.0015099405739555927
418,0.4665713799882122,-13.265024027106252,0.13248615473139405
419,1.079751136236462,-17.829732400800616,-0.16269014389442527
420,-9.921901878778725,-3.95113174990578,0.5543009036328406
421,-5.44479367228315,2.363295055282828,0.16487822574912903
422,12.025401703338654,-1.9037380522485081,0.5826982458731877
423,3.0653589559777887,2.455264686836026,-0.101302460541568
424,-7.953225698555426,-0.8530007476815937,-0.4549655582967662
425,-4.162883151645625,2.8136476485418345,-0.19628773138917088
426,4.61711007272649,-5.139933039224027,-0.1374498820560515
427,1.3954331126054984,-0.019089127833344592,-0.20021331254113095
428,-1.543611830100206,4.7164565283485915,-0.07607016045883475
429,2.266080348123831,0.7285613331890636,0.05563897797555085
430,1.2702864755747747,-2.5870178218331823,0.39081444742642146
431,5.187435778710114,0.48082937476129184,-0.11639547610680535
432,4.067172310666762,10.493204436322532,0.406442029948896
433,3.422198667118402,-16.02584403769307,-0.10050832394435227
434,4.107615066442574,-0.19165628853597852,-0.1233982110441376
435,-0.21091444005931567,4.704147325346032,-0.09117395348926306
436,-5.322308664757602,0.8566127862566593,-0.05185014255437537
437,2.3594067114023636,13.157050813385439,-0.567525906420411
438,-4.581901267424057,2.7395902960272966,-0.021024110010582575
439,-0.910479163514092,-1.278611214704349,-0.32279283473843984
440,3.6979110114173803,-9.78776126472014,-0.21893475153143216
441,-2.2613170663619035,3.537152103617275,0.09612198949373685
442,-3.0615678527320296,-6.8976923956848,-0.09251739210829113
443,4.506890002548553,-0.5334901357655345,0.4751651473269889
444,-0.8665352003684482,-1.7098397548886977,0.0670470095544764
445,-7.259365201771369,-3.5502188025340744,-0.2173756953446775
446,-3.9613032860535053,3.758421488791331,-0.09108237406495157
447,-5.740724928521316,3.1813440606014085,-0.053885014702572676
448,0.679475002393493,0.6521097895414205,-0.04147551494039226
449,5.13843530338439,1.013954509754339,-0.2741619351963047
450,-3.5470204318019074,3.0186255883075725,-0.29799731645756955
451,9.118553250761817,1.4144140780548045,1.7670625359192345
452,5.174168692328555,-13.312206239189768,0.0417562803377396
453,-16.707944452312542,4.845856766299926,-0.04618252217958929
454,-4.2559737039763785,1.5980125224496602,-0.41440481388690475
455,-9.305965050002097,1.5903921323606707,0.23301755532829427
456,-0.9622431740480878,-1.572406348796055,-0.10954436076953122
457,-14.961805135721201,2.014758642795497,-0.26860212680850504
458,-5.4385106212080405,-8.976724768830948,0.04901977296723415
459,3.848275773707402,8.202294405888104,0.06858127650645329
460,-11.239484557865207,-5.358480176686076,0.41458492996106466
461,5.230655371076632,16.495739140326144,0.23299177163614582
462,1.5071312066352616,2.571129356262147,0.17356658444545792
463,2.802527260176787,7.645431814888059,-0.036688990658122915
464,8.002253642081069,2.1036897173742592,0.24845708576426073
465,4.550988491138361,-15.502712245374285,-0.045416585659843196
466,-5.143700452486305,-0.5606833949256129,-0.14429443131918385
467,-0.494055415981951,-3.613205102751594,-0.169241722008735
468,-1.7477097993316697,-0.5521204826506494,0.10102062204530604
469,-7.411979818538175,-1.8980391307904179,0.19765372901079248
470,-2.6921867743028516,-0.3726803923638006,-0.37776032160134765
471,-0.46477992861955164,-3.502821712945957,-0.0046345235536660034
472,-5.829263804649719,4.9709102128953475,-0.004118285520645415
473,-11.778679504289672,-12.837771038704483,-0.13560897674189354
474,-10.051884844732573,8.749037347727915,0.11937375964829577
475,6.945442169506138,0.5304528760386922,-0.042212931979567436
476,-3.3485029536432944,-10.860540395443062,0.23038770945245265
477,-1.318637434013861,0.9582206225505477,0.10976444240616834
478,7.468912936925066,-11.95556475193069,-0.3588111085839354
479,-2.9144148497000115,18.752347632773397,0.5716694502506012
480,2.23639039429676,1.5090284165639938,-0.2195162401802082
481,-5.021056822073943,-1.0223226600982487,0.681243229743171
482,0.9122622803596824,1.7679893551072396,0.05717079092595512
483,-0.2961733964487257,1.386590237723596,-0.12990573754276458
484,-0.7556095013797353,1.3717468484124562,0.2943208236141013
485,-2.0651761105151993,5.382275767917678,0.08137731398553383
486,7.12267172493664,-3.844864404259472,1.1924868051438997
487,3.4700269608196845,7.963009745325646,-0.9793093519620779
488,2.081384437530651,14.317634202875428,-0.2775755295931188
489,-9.34978635653886,5.27356311900874,-0.07964693690659219
490,-0.4354202480069842,0.2610013824074052,-0.01426234812535343
491,2.519539630254338,-5.367855402320699,-0.11243089410517458
492,-3.99940034199476,8.267229701077396,0.29253601689216785
493,8.15808002683462,-3.302514676990191,0.16091683766365206
494,4.5408137553105306,-2.0934581011807545,-0.0037197787844513996
495,-2.6458163497906195,12.111345204657269,-0.21016399541670605
496,0.6969361482528306,-0.8602706025882791,-0.34218311121883227
497,0.7503252242828105,-1.2349615471916122,0.4297943455437925
498,-2.7968341794803147,-2.7732235574887127,0.08455043265879736
499,-1.9792956146448866,-11.096694757710397,-0.21943605708135872
500,4.38710853151877,0.8571810966721529,-0.24254214878064492
501,0.33314888946544025,-1.3619562804713732,-0.08593071357179705
502,6.202088102580533,-5.097359610906813,-0.17084750954462136
503,8.955690207415921,-6.584831996942532,0.04123354575351268
504,-11.171920247975851,-6.537997001386084,0.061340211548316585
505,-0.6187164396103447,3.622980993418747,-0.2549100493715448
506,-0.07564108048304685,1.9501789438320094,-1.1247748992340378
507,1.6470193166929634,-2.624375845131914,-0.12666707369265184
508,4.258714085140363,-0.5850240093644546,0.057356855842964016
509,-1.0641194063364858,0.9766990086556258,-0.051128262764264854
510,-5.91472083303311,8.628640184263954,-0.1673673232739934
511,-3.1665851193069106,7.270097569150836,0.14535529012924675
512,-1.8220613577772902,-4.279082788558078,0.12624470072189276
513,-13.805150641762687,-12.016198763295701,-0.18651053103793377
514,-2.7183531271681023,2.9527335713246594,0.11620673766424217
515,-8.776046576280361,5.426547835365434,0.21652594942479642
516,7.677978135776463,-5.9545772433410935,-0.09705834563345393
517,-0.5385472481110846,-5.600871469956058,-0.4663265105895351
518,1.088741636519385,-7.553368016907021,0.0016917425301086197
519,-0.35718978402415497,-5.566245978594615,-0.1644808778358957
520,0.03129752684067645,2.6439227407781,-0.023247722074031696
521,-11.025587308810428,-5.579271253416486,-0.5043260829956795
522,16.827605481214007,3.1467996560980214,0.07030878811529284
523,-2.1391849433303904,9.123989217551207,0.13933195317270952
524,-12.077158993533496,-0.908708148317493,-0.06080613938623757
525,9.552817856999653,-4.481547749530304,-1.2252073324792474
526,-7.4510317743605725,-0.25695937391425483,0.27824878238293316
527,-4.165119244024565,0.22706067186083007,-0.08733950538877133
528,6.997864990593645,-4.782754284462806,-0.6017088671454291
529,-12.24303472990087,-7.44425815867295,-0.11183373675377517
530,5.671145506706966,5.6986106301656125,0.4591999324191338
531,6.291087254336362,-8.328505977283921,0.11921170169033823
532,0.7985254456744814,7.656814090272278,1.7948833568150522
533,8.746438249007191,-9.97979373220906,0.07297545528071714
534,-0.402990911858658,-19.143667853394042,-0.11015006827173002
535,-6.601293036793047,3.5956838172566328,0.5742602089015363
536,-18.021786462732212,1.691908014076897,0.5965770055445563
537,-0.3087082661944443,0.8341621254455222,-0.2856551485280132
538,-11.713533038615061,-13.279072252600773,0.16359699621553103
539,1.8051233830775193,-2.8534722676264965,0.8519804099690331
540,-10.517482116690022,3.344554928503565,0.1739706431312573
541,-7.210073704675712,3.94294408111458,0.17417141595410346
542,3.209772565447645,-2.303195368281341,0.06403958450432512
543,-2.729737672943844,6.569215082374074,-0.20072552714087347
544,1.8232168817406933,3.174733247916055,0.06746118240304443
545,3.0656414805142522,4.760763800941483,-0.23673358331960825
546,8.528786178902143,-9.667989035311646,0.17363795842381746
547,-6.621951840552419,2.619779817604944,-0.694932372577547
548,-14.465912857705819,0.13977863401123464,-0.11805590895935668
549,-6.779259238977689,7.999990970732079,-0.017829579327522715
550,-0.4535992734829558,-0.5486189212473834,-0.03268413668574688
551,10.854495650264276,1.6320711211568257,0.37865742667769764
552,-1.4945112414194988,-4.699596990886017,-0.26868385877209455
553,5.893165802051402,2.6160486201794155,1.3015626847447885
554,-2.1063032434199735,1.1037489283572843,-0.13698279534417912
555,-4.191338565215003,-3.0746099926341004,-0.11159036947627766
556,-0.9777892051714654,0.3529635536100316,-0.057284575056375964
557,3.411670412348939,-1.0890376413624554,-0.539644827921185
558,-5.559223035980874,-1.969333298717249,-0.19205950048901155
559,-4.897066565619096,0.31824102854938874,-0.4386726539702859
560,0.266846118857494,-1.5771174910338974,0.381866459249093
561,-2.928091153706829,1.9039194494074294,-0.06292634617729798
562,8.005479106825813,4.641268328075641,0.14971010314861563
563,-0.6411667085098567,3.1108559777822076,0.3090472847344223
564,6.186663648769837,-9.713004656425177,-0.10603843489993549
565,1.9329235779572196,-3.0934257700736163,0.6607746914084562
566,-6.170584514121795,0.5745861256432334,-0.017323177019995306
567,4.477128670403812,4.425950858369109,-0.2871447705006527
568,3.9934021528393084,3.7781173882764607,0.10011666556768661
569,-0.9006586724043323,-5.982508524935183,0.05520933150214936
570,7.270739717320342,-16.689777323327295,-0.37678953423903483
571,-0.5320436066114872,-7.444958326703002,-0.12340812699168867
572,4.3843231241878575,3.3678427930237755,0.0023436858538889993
573,-1.3462534888127546,8.527277570904378,-0.6119820004452659
574,-12.453704014724837,7.4677984135786035,0.06702079352462675
575,-5.841504947534354,3.3861967779152304,0.28988067610961377
576,4.171507755540573,-5.92078833711706,-0.5949578785433016
577,-1.1357818533887056,6.458033961084815,-0.05930481174042601
578,0.3810177300405013,-0.5673826730495053,0.0639345881515836
579,10.60688509243356,3.6063556167527135,0.4073256957536824
580,-3.9052754055190153,-0.859590504300105,0.32895438153777246
581,-10.845872875721788,4.861391871111742,-0.7179537133481633
582,-5.4246697944890085,-4.429615738984262,-0.05352857672457433
583,1.653943927316181,2.848239781863353,0.2042895679594574
584,3.534471268610309,-0.5017346739032498,0.22657315559454494
585,1.9126552335877158,-3.0093794129716183,-0.22549801654653967
586,4.053377466981741,-5.082553309656796,0.41865536378908486
587,0.40861153466215633,-0.911384169520901,-0.4408539783503449
588,14.643145042786804,-3.8661850439788603,-0.13800619677554413
589,-5.4247899199979965,0.4837672283592874,0.053883908413766335
590,-10.664632171508538,-2.15173358449174,-0.025287382942371206
591,-0.23225791942431828,-0.6912105362771239,0.04182606267335886
592,-0.3636134218983217,-0.30304693464698806,-0.08502470410788776
593,0.3797319238646782,-1.5271222209393198,0.04027652244330638
594,3.8071217033453233,-17.42039122874077,-0.33631213230145374
595,-2.0250973346838177,4.991354429234781,-0.27973282801506505
596,-7.125804754523991,-3.4874748292885953,0.26838703588391377
597,-0.9790720321857715,5.662542704384606,0.1244012627807698
598,-0.7386632706671452,-3.164632427059926,-0.35731309181011905
599,1.03904980244049,-0.4848979147232429,-0.15812365954301688
600,-0.8508731594188138,-5.018382324576797,0.8371361113801132
601,-2.603272859020854,-4.498004234378179,-0.10475050660560425
602,3.5522401668966435,10.893089776081103,-1.1280570986002694
603,4.589927961110104,-4.697668008242512,0.15443425650067955
604,-4.499692504442674,-0.6703794929311939,0.13557452381481028
605,9.884442858775722,2.5526952528802846,1.951890638493727
606,3.119371113354097,0.48465507201000035,0.9382263309417169
607,-5.896356641710082,2.9626248077261343,-0.3119028040850096
608,-2.508475768597327,17.03435527205486,0.2754598405419282
609,0.8248614182807047,2.615909102179947,0.5283649016269618
610,-1.2992736568930825,3.410343787535087,0.3162272835275353
611,-9.39205923172388,9.368228945878753,-0.17919977149667643
612,2.2281969502292944,0.9418854948339753,0.03245095897160066
613,-4.135470047265519,4.52590337112317,0.37411226691377664
614,5.086083560943729,0.5194179681844786,0.24010972324919422
615,-12.594687481399724,3.1379113839721366,1.3560444768047581
616,-1.4225355218123208,2.7721887341846436,-0.2395004760018784
617,-2.7291963066782476,-4.583108047205109,0.17538667470772795
618,1.4332627515122485,10.749826172345585,0.11603700925695515
619,-8.68164102565312,-14.952731112364374,-0.042857387583944195
620,-1.7510300875787908,3.777188487475775,0.10328044166578287
621,6.316345876309086,-14.968538704196916,-0.3143727265138021
622,5.167620346088228,-1.457287770632106,0.038505490226279804
623,2.0410744952853714,-1.0403566681496128,0.24002930437973502
624,-0.24916933018117418,2.3064840679089027,-0.15505042426252832
625,2.942924668895643,7.253835706694176,-0.7061852762565599
626,1.9347548544164046,-1.9908268908386715,0.3156682972470404
627,-1.2253266766277215,-6.1681930818518325,-0.11359278942048157
628,-0.007990328676206094,4.670722242901593,-1.07532964204001
629,-4.000064543640164,-2.539858175218556,0.052101615020125454
630,-2.896288839062352,5.4133673860199,-0.0017823203240330265
631,-2.8038697594923474,1.990133842304428,0.014112385854383458
632,0.6440614444526888,3.0794287292429616,0.14435557684578892
633,1.782019768484062,4.341553118466799,-0.055904712573717756
634,1.2175963328067656,2.491414792129861,-0.09283828102935354
635,6.64003785902005,4.035921302628366,0.9361875239534858
636,-0.5493445191535319,4.8827566867521845,0.13445880211202166
637,-9.267252809577245,-7.006073658100884,0.968649436796396
638,0.0650636340167138,-2.0124461756563705,0.6890857486485857
639,4.4231417919126255,-5.926941421383215,0.07138220165408837
640,5.874709360368328,-5.403355821405837,-0.23218734320066448
641,-8.932581313343816,0.5590276953393737,0.1519447916131207
642,-4.02343868073356,5.834145245793859,-0.26310870983107915
643,-1.2076390307008205,-2.9430232358525066,0.10959601776924144
644,5.570479925166782,1.8662312425248715,0.1381830896336513
645,9.073883856495513,-11.703865118106572,-0.06969170365886024
646,3.4853608671496765,-5.321446004207269,0.2037339690177724
647,4.160977527680314,6.048295817915932,0.11413988063422709
648,-2.139184164447625,6.291404615017188,-0.012642047148816005
649,0.6784934274740918,0.18655222658377416,-1.60204156362094
650,2.994850170729878,-8.84380018291158,-0.490837823597655
651,0.7710689391460324,-1.1732725015338457,-0.12059878145376234
652,-6.665433006942411,0.6278540365387417,0.22178142106377408
653,1.3268256010728463,6.28290885287855,0.8620392595068527
654,-0.08674985397900054,9.20609517642022,-0.14226037259379784
655,4.217953628004421,6.092398805858178,0.02698423611903733
656,0.7282136171833674,6.284891706846842,-0.19962830896748818
657,16.22785332269021,8.777816276334946,0.22222002342935765
658,-5.949703856753505,3.643321791014981,-0.10200073474267325
659,5.169401516035957,1.5102252835000318,-0.11282974220887532
660,-5.473784492024311,0.9019800226268266,0.1609967772796654
661,4.4796424024612715,7.946471664637161,-0.3656424605104407
662,-0.7818554104100955,-1.7233227503326438,-0.11579867563096258
663,-7.446130423885393,6.722363902352192,0.4620867743377488
664,-1.2318181806345383,-0.10191732784794498,-1.8075555836923956
665,5.739166334706382,-7.861916533075904,0.03600842868057086
666,4.7809936245880245,-2.4376414489354503,-0.8505163484840033
667,2.052452679129971,6.979867301637443,-0.1746584642618645
668,-10.057191748699992,-3.9612692149444433,-0.18463410629769372
669,4.119733958609295,1.365505032598812,0.05800465776624719
670,-1.0162051772099978,-2.866992393654207,0.6386026343542346
671,-0.3094765158806356,-8.071283377618338,-0.18498957114094106
672,4.156329801487982,-12.952820586134282,-0.17431354536254773
673,2.2095504065278564,-2.447507273440248,0.1470391462426206
674,-4.704509782425263,-1.4346903863770868,0.6457174605574787
675,5.573459990031621,-3.2574858466174756,0.027643677779717546
676,-0.6456170328655784,-7.278567972820996,0.04897062360243653
677,1.4881344764645723,-0.1292067919142788,0.10134857051500658
678,-11.036436066918004,-8.48590606544641,-0.04893574973015635
679,3.6658951051744504,-9.521632538976917,-0.5037654898995547
680,-7.30140183297596,-5.956699249940345,-0.09240496737907167
681,2.2704934884518813,2.1272227976635585,-0.23642324556170902
682,-0.6554827424480797,-0.6727171586547781,-0.02383355163744616
683,-6.06820211000923,3.4483339174020506,-0.7826609978804617
684,5.089818099668279,-0.38832540271291843,0.33355468194686955
685,-13.070010254979174,4.4819228744063055,-0.6021604023453175
686,-5.690135455254441,-3.713835547043967,0.051637244807264615
687,-0.6399532930241582,-3.3944813070521156,-0.14463470758317865
688,12.464635028856048,-0.48249253213870547,-0.016606454365203138
689,10.998035784699868,1.5129205207016265,0.060765117225965344
690,12.711888858010429,-0.21571893856624377,-0.013763252545894389
691,12.975822406546936,-2.168604449566585,-0.05309017360769496
692,-0.5399919074064364,-4.831544415294791,-0.5930700583175419
693,13.808196541575738,-5.1562037205780955,-0.185529760992591
694,-5.799705259714812,12.014833606926903,-0.448552412963267
695,2.8338763258573567,6.061170996555272,-0.14874085694078643
696,-3.837823274658585,8.346590433218385,-0.06427327418447648
697,-0.10307402999824461,10.68673655009388,0.28077865383926826
698,2.834414558775572,-1.0343759132075085,-0.4298897896584668
699,13.762013390765292,1.9663929969220362,0.4364453493338831
700,1.6363933682150633,-8.629972224873615,0.01738216472235088
701,-0.3304272658336046,7.2749408155422195,-1.4499058048562188
702,-5.637841941514093,-9.613140098725545,0.31872704387542683
703,-7.257216516369949,-8.370647633859734,0.16230240604498025
704,7.494288954142462,12.251583718129655,-0.07275021623177524
705,3.8321091228212105,4.693381949262268,-0.12699345403000972
706,-3.1798254056805813,-1.0656639975746256,-0.44919693585005627
707,3.871681420018233,1.747651464811105,-0.21096245187415308
708,-4.517921644177105,-5.8933936855446465,-0.7919898771416722
709,-4.684045068637116,-16.03846293435481,-0.319475187934402
710,1.3303618803560118,1.7598755351681676,-0.11906953862312619
711,-4.226970944369748,8.72636919104914,0.39114885161754737
712,-2.2207497799012432,5.7142999304529765,-0.048589020327397765
713,2.3776156439178324,4.846399347297895,-0.05304950707306677
714,1.9823508013626265,-4.587210436619508,-0.05340563145234568
715,-6.151301560971573,2.9884104909958418,0.019720899790063307
716,0.30177916461704507,2.8016543612615568,0.3091253412965913
717,-2.731306386748942,5.924971953988619,-0.21656037303719344
718,-1.812103406534613,-1.0533328929305483,-0.07808551909723872
719,0.12614357572592,4.009619851908533,0.022751054562597517
720,-9.024343945195856,0.3056573391926005,0.18706051332237594
721,9.32638359161549,-6.062172218577685,0.12018410939461566
722,3.1461224538664645,0.5480144153774315,-0.2208520786389876
723,0.4627148397032329,-0.5728394540093187,0.07113528133513869
724,-3.7282050235807995,-1.5987485661499268,-0.1934436000518871
725,-0.43957196673503024,-0.9293978719213415,0.2619648765566027
726,15.135919908948123,-6.558720991526814,0.16407907289287849
727,8.152359820639763,-11.060390756136913,0.06413542767465685
728,9.359226298155457,11.223689286433457,0.08148167534798079
729,-8.326096435120858,4.840651955171604,-0.2262941485027481
730,2.799356560263404,8.094013692374642,-0.42333785243994715
731,10.849365440444213,-10.575570254753861,-0.48493680714543785
732,-6.810533019469235,-11.88132892334631,0.7170564009260745
733,-7.199201651793281,0.41510221190679353,0.031094297709699514
734,-11.073284937594385,-1.223860875505002,-0.3145404604985962
735,-1.953301235547727,9.402071849589968,-0.11554241841797186
736,-0.4294685726540207,4.501870994699104,0.17608791010097447
737,0.7422402450270231,4.407155594060332,-0.7266946532979035
738,-4.137400949853641,-1.308807064200964,-0.05451192524369431
739,3.0128895882260114,2.0237243421329687,0.16018526115594112
740,-0.7443628757231479,5.377218492539521,0.2955546413147516
741,1.773944350241915,-0.36214106237780364,0.06417624599736671
742,5.944252950263452,-8.61336447552981,0.4417479555749053
743,1.0285630783042647,2.8450058686183595,-0.08436602032046858
744,-5.834537405001626,5.149562129350562,-0.08330322447491499
745,-3.4385873169466996,5.538738693801261,0.02217054903806659
746,2.12648419691239,1.589769545256245,0.44607501202460575
747,-3.4683559306689355,4.9926163174880385,-0.0031103978730917525
748,-3.068085690030133,1.3828780380928185,0.3981730000121875
749,0.627728039382696,0.6181994844163534,-0.12036531670788575
750,-5.035978921479603,7.410095968602632,0.13859087617184684
751,-0.4615311769815968,-2.0044084988634068,0.1945931146225801
752,5.423458329252098,-9.958152780965186,-0.10894481065734807
753,5.549150063970239,1.8604121895029928,0.11176987172222352
754,6.462258242381999,-3.9257808070572806,-0.13932626127988712
755,8.735048835202877,5.305565761352253,0.08841666090731605
756,13.03308537406368,10.10184127825581,0.04071194306819059
757,9.97136960923597,4.1515008326083365,-0.15123468295363285
758,4.102324831680847,-6.132092918183298,0.4816879024436882
759,1.1472300448538293,-8.446011106316314,0.2879110829506
760,5.849195819050915,4.00001381607911,0.06794669634712759
761,-9.208999997086995,-11.028116515895539,-0.07622650687254139
762,5.208062609266016,17.3339984253255,-0.03657731788935248
763,0.41042117833307773,-0.9729573500033412,-0.023857135667630036
764,5.090742930368757,-14.428462980794098,0.6725666914018471
765,2.8275415279045566,5.0385488814765,0.19560934409643327
766,7.167563258685481,1.25866917637001,-0.06399805178584561
767,-3.3878244435995093,-1.5175235294324805,-0.04182731004561945
768,-0.7803926856103209,-6.261879633187545,0.24135851356389712
769,1.4851305761485998,-4.024614941576461,0.05781856104794735
770,5.523077286734016,1.1117956174625836,-0.24214852047671798
771,2.07164603481993,-0.40010939125781886,0.3058174550781487
772,8.18500137893833,-12.823301925652428,0.06439160474854999
773,1.2863007918171097,-4.274839844875002,-0.10224160755900291
774,11.421774647622733,13.278306764485905,-0.04155665862702218
775,6.511445007386338,-15.812850950642533,0.08111371309679294
776,0.49086256808399553,5.541270604139404,0.30400973276290744
777,-6.815747179176172,-1.0664675251770428,0.004718593624798206
778,0.4517861976418422,-9.66970340333168,0.1613437217965199
779,-2.1630759370334998,1.6107684670280147,0.06739666301463565
780,2.0792340235285085,-1.2276628401458418,-0.3272997080200324
781,-15.35670243009751,-2.9924564515776773,-0.1885816138131884
782,6.022992835775921,-5.238860823659944,-0.14076609721617706
783,-14.595305981469448,-10.766477113338457,-0.2990674449018811
784,3.371022644565822,-6.812952247214118,0.007566285284777319
785,0.3527291088112489,0.37156679001660886,-0.08688076170140357
786,-2.6312577902826453,-6.9040476071803845,-0.22501081483000182
787,6.540989289829357,6.709862456135331,-0.3202802492853487
788,-1.5704801948394747,-2.1463385813300433,1.079304549689386
789,6.094923487585307,4.219803662570908,-0.18652434450302868
790,-0.7824545142868112,1.7313933819297402,-0.17423070938826246
791,-11.833001708105034,5.028007189938704,0.06074636805452415
792,-2.9173916164187577,1.3448140200756313,0.2272212585634228
793,-4.51610715288275,-2.165141948757321,0.031666298090452294
794,-1.5180143108221555,-0.10555891791928515,0.2121062725344478
795,-11.255558668993206,-4.005075129980869,-0.3579578976479243
796,6.30031435165026,16.448164738646568,-0.01502869235655746
797,-2.876517195899873,2.20282400970783,-1.6683399326324815
798,1.3562781584198866,5.785929103515019,0.34697737231053827
799,1.8787058911300591,-0.6846882037821842,-0.2377638745595263
800,-7.909862937967816,-5.934846455295901,-0.2571649652578074
801,-0.7164394393313294,-1.2010801751844327,0.3083061314593176
802,-0.16666129904384336,-4.368952700680538,0.028832320873215078
803,1.4683513023275856,0.060692167548918874,-0.06158188161269873
804,-4.04923263869073,6.8014886635778335,-0.22224200723850318
805,-6.078826849864991,-1.2844585361099161,0.06852565481373363
806,-4.1546997227869165,-2.9946302538320477,-0.17653745574032878
807,1.6001875974576585,12.33791437928095,-0.013358415737650287
808,1.7747414744182852,9.827377057043039,0.296156773243677
809,-8.13906824211329,5.936834511320363,-0.1043452039521844
810,0.2132974126845635,-6.260803554113631,-0.20662459795538046
811,1.8895347231170267,-12.77603769541449,0.2872675305376084
812,-5.098677440474815,10.273629348829656,-0.048368774813794875
813,-0.7803742347791522,-3.3919553746908795,0.21603224608525995
814,1.0458281669869205,-3.1957279473247695,0.0822530063900846
815,10.966471144153468,-8.853551580199262,-0.3329061525635324
816,-1.0211693772301293,9.214131433848989,0.06134961657532089
817,6.069540937623806,2.244666962504155,0.21550777587644457
818,-2.244840893198674,-10.031768791199818,0.19901566368105117
819,5.185496429464672,-0.24617983408259067,0.1423642459603065
820,0.603754335243981,-3.158405965092381,-0.4045447746865074
821,-5.39456666700421,6.774682827303377,0.38276473894050955
822,-7.766212452297887,5.2575753790053215,-0.466745349574797
823,2.4225813208430567,1.796670270183596,-0.14189892279765903
824,3.8456089069811172,1.0074210897189029,0.2349936326795987
825,13.051388240145439,-0.7447654420290029,-0.8913884480934686
826,-1.485468664888433,-1.4777545531114034,-0.5031586772880368
827,-4.962440487722602,-15.945200164630524,0.8781200537125207
828,-2.7961324361231763,-0.6516578979076745,-0.606377847160986
829,-7.248326899087439,-2.220507368920703,-0.28004857816104245
830,-7.786731273892912,5.290152598826585,-0.036332975579994375
831,-3.8908046013199225,1.0467568248034151,-0.17008926865406426
832,-7.1798724268497764,-1.8026829365752346,0.012628773881389499
833,-4.63643790615581,9.23428172325774,0.7599964138211113
834,0.517481102064583,-5.293830435707181,0.16442491785475521
835,-0.6510491920540182,6.2905050397926425,-0.2527838546866583
836,-3.6355605915511804,0.036008167890020454,0.08540834389291163
837,-3.2221450810057535,5.638189946942878,-0.06415798669535545
838,-5.574730498615232,2.0089441624358257,-0.056399998190068246
839,3.526717696381725,-4.8700212383366726,0.006015461977758374
840,4.459951920027198,-9.054143213727295,-0.18558738849167167
841,0.7555045884017779,-4.319956776345353,0.3006009713892546
842,1.6048772291236628,-7.452809486498635,-0.8819584659199515
843,0.904015815614395,-0.05402720022788304,0.0051141304805413235
844,1.8928090881944946,-8.602553407148225,-0.22769743571785028
845,4.515524633901177,1.45919806028264,0.7491942907245068
846,-3.7024350049685832,3.5468491771086015,0.053825431774171324
847,-1.0566881503987553,1.2137719950948143,0.058317134646990176
848,-8.223590656226035,-1.27657501466695,0.24350553216030457
849,7.6344442864287005,0.8686251208788341,0.005947981736492025
850,-0.15820418655888105,-2.89325387361741,-0.006269701835290853
851,14.941953954345117,7.186317249922581,-0.17114503164976644
852,-6.632706818092254,3.563585591409226,0.025333150985968445
853,3.77652018301228,-4.19213128640417,0.07423788179536572
854,10.416663563146846,11.142596344420209,0.11808340396443562
855,4.836469785871996,-1.4788097043212303,0.1170945780878263
856,3.9013162746290377,-1.0905155837020255,0.1135739179118387
857,3.4355959344298967,-4.022572213353904,0.34323827541515417
858,14.10913385946763,-8.914428921771444,0.6710995954841121
859,-3.47701643716229,-19.11832961613578,-0.14398014373143386
860,-6.471036832235801,10.9807723460928,0.7651454036977543
861,4.116871246872644,-15.368097602316762,0.33290536529112646
862,-0.4795154944742546,4.9868017434695115,0.14128973639114673
863,14.61797920425614,-6.699882405265617,-0.02530990336579464
864,3.2083049480236854,8.17250089804588,-0.11144133447731308
865,7.664276070697134,4.4485262631000175,-0.15021496131412437
866,-0.6356934797960243,12.653774868666943,0.3195370852140047
867,-1.6721759572405472,4.440587624131302,0.6890108303869806
868,-11.48581533467344,4.9451356815896075,-0.2231152552197222
869,-0.044335316759379295,-10.46577335026798,0.0013264568444228964
870,-3.1788041038768062,-2.7857864682661493,0.09109801943361928
871,-5.445046771644297,2.1983411335609335,-0.06320479088831865
872,10.132674389743029,-2.4117342053756214,0.045181044684972076
873,-3.6588977948103505,-2.094601429748573,0.3780999593666263
874,-11.332880887944423,6.974774428279634,-0.1112371740688296
875,1.1662309502518704,1.0949555216883768,-0.09623675845520284
876,4.737664844187266,2.1311382292333314,-0.04478895830987773
877,-5.547180739228121,-9.04325095849683,-0.19569366481410722
878,0.8706879150662513,-1.4941529787148942,-0.1330107240148681
879,-0.774373821606001,-5.430724790941627,-0.3113414606746989
880,-5.62496978179732,-11.240994213348333,-0.13992878945560028
881,-8.745950935524972,-13.463666851709622,0.2348823152104229
882,6.633927659325321,-4.800510898341572,0.027413629722757626
883,-7.490772274638911,-1.642558799968726,0.005861210743342671
884,1.7061374634529853,5.017946944419478,-0.030103666864904177
885,-4.900208977182027,-15.401082108215848,-0.4309775173909136
886,-0.9758182870200223,-0.19378481783423512,-0.5890628189430442
887,-2.6435664737488835,5.1402841554546574,0.3131801625485702
888,-3.0664739127067113,-3.378289859027942,-0.040113692121410256
889,4.297042697331843,-8.593286399930006,0.4223608233496363
890,-0.9059944655687031,9.601953527759319,0.07096919463951101
891,-2.132888740067291,-3.010195204454282,0.17699249745855594
892,4.890573919003928,-2.087290598087083,0.10093094907211997
893,-5.7365369946705185,7.1480308645317985,0.14594220035269023
894,-2.586111377233894,-0.05343143544950998,-0.17224005455931346
895,2.157198868176623,6.375306873796666,0.05758478809984035
896,1.570625736983187,-0.6197550290308476,-0.6025386384450853
897,-2.8686236214028016,-1.4084270183406493,-0.027451878767372317
898,15.626598701162061,-7.9928456283214455,-0.30545127176617903
899,1.5880697743989887,7.0944314997468245,-0.3325346797950153
900,0.6356637095839816,3.9194192606536773,-0.11764503353492417
901,-2.404170077186277,16.630599514313083,-0.30826040109134967
902,11.412838909532228,-6.114680054043036,-0.1511078162944517
903,8.433282258417343,-1.5264908734494425,-0.45944938129903656
904,-0.869150290806673,-12.49224766732684,-0.14240165299739171
905,0.6016811899143273,-2.1488254720874727,0.2776313541546491
906,5.487803676172192,6.313484980395096,0.06639507217670193
907,1.0733557720688205,1.7260683340274918,0.45290685652286244
908,-2.0246059744317124,-4.381997822045374,-0.044418019042668615
909,-2.309590108913542,-7.431836617562179,-0.22780339915492975
910,0.10458769720752112,3.03670821018727,0.31020861945501643
911,-4.072416680356593,-7.613804593913143,0.028761555756371404
912,3.260779551480126,-4.610279917108411,0.35242739132025935
913,2.2205357404183954,-0.6181080822879272,0.07895001030909699
914,-1.4530001234029215,2.7779099008395787,0.010123206280068686
915,0.5780454778342224,1.959838748916726,0.41880821809931223
916,5.2001847985021,-1.040935139021532,-0.13888929129196104
917,-3.003752508054321,3.6732028728452986,-1.0224979205227327
918,10.608295726611603,5.1127567848001805,-0.17036190745000734
919,-2.8279741902417084,-5.840942783362083,0.022310255155519876
920,-10.954202679612042,-0.6577293515056672,0.11835419344808341
921,-4.990300147696005,0.1366188032787044,0.5599811205550469
922,-1.440071719728306,-4.914344834703839,-0.3716701128454387
923,-1.8820271165441753,8.977817152263281,0.4537094658558174
924,-7.624800753397105,-6.044780969155821,0.1528176841581743
925,3.870619652731752,2.7990152527580516,-0.09835714253266525
926,-3.223678132561886,1.0544626878664005,0.15651754384200875
927,-5.308803271777196,-4.311274585430668,0.2593500812678098
928,8.53887857282028,-7.315213918280733,-0.39086245666190855
929,3.935840109712837,-11.903269133841086,0.2035767854777113
930,6.086465685787266,2.755801681357945,0.38814685101790314
931,3.6767769664081023,-1.3459994323268438,0.04377462001854981
932,0.5122282226015836,3.7323902315607116,-0.03671888845683835
933,-4.947113237831466,-0.5632819829976071,0.0261929782852528
934,9.820341098860052,-1.9244904947270487,-0.4469750362939151
935,-4.972791033774461,13.281480978558083,-0.12905845888485556
936,-2.0448062594486305,-12.637598585140037,0.13615774318331253
937,1.289300496354593,8.934969744484208,-0.15823250855904858
938,0.5679278594111871,2.3694960852974027,0.1949781063011966
939,18.240851602708812,4.4565364630783515,0.6011510486019329
940,6.521107427933007,-9.272124787375006,-0.02664384530915065
941,-0.11325105996888571,9.192731309660834,-0.08391087840467515
942,2.0342169821092195,-0.3393074646082255,0.29010490228052443
943,7.176927335920782,-3.0003941506007874,0.41502704697899917
944,-0.9680644100721618,-6.811221999439527,0.24583495786159704
945,3.169317292464987,-0.14054685509844064,0.2738097545853946
946,5.102561464410747,0.3669460457813313,0.1325087083679568
947,5.69726032648202,2.0663327606594444,-0.032014182709455774
948,5.013503286408237,-7.157306835637387,-0.3032970828002788
949,-9.00744821540793,-13.679731358845256,-0.09562590880343125
950,-5.743675642374414,-2.5230093555180084,0.0309968485584573
951,3.7717604338066257,4.818836089922645,-0.17591393830436486
952,1.59812391708286,0.3761535248815997,-0.131421727800908
953,-1.2533627475456468,10.50497746703255,0.018942780901593625
954,8.061251883202663,-5.428449344383128,-0.06634663462884928
955,-0.5044170943089964,-0.717531625390727,0.041495383934383685
956,1.6979088972451546,-4.402013375914908,0.4007186446234283
957,0.4421338680764374,-10.53737940398767,-0.04336701651662267
958,-11.431049216303228,-10.692902348469616,0.24302180512749372
959,2.9670550205779964,1.8972484040155426,-0.26067948421982257
960,6.477627494362942,-1.1602262916052766,0.6297129604747003
961,-10.757597757081601,-1.231885027259057,0.08542198744656204
962,0.7732784647099074,4.065739238519166,0.7550543239206493
963,1.0639895133883002,-5.848450106927532,-0.5931879279967872
964,2.5294295584640585,-0.08202956268788278,-0.3749103726398446
965,4.305140279057905,-0.352929715440891,-0.14937814066901467
966,1.5536001817531102,-5.971839596464388,0.19256032036681778
967,6.966802046258316,-1.4276630778367818,0.4589615780460581
968,-7.572073456349449,-16.04005808376032,0.16044537232168746
969,1.5500167672162672,-0.35220012794476324,-0.06198295707313228
970,6.114803568396112,6.279231944811782,-0.006079722483200101
971,13.8052863029026,-5.591836081821699,0.12006677495774687
972,-1.0345047802845175,3.043644985783024,0.46626406973556067
973,-6.313693541016625,-0.11042783962647211,-0.49329278347091066
974,-0.6268986435605923,0.8320457597714009,0.17974356084511456
975,-0.07525522034608048,-3.081023925472718,0.11541622132187612
976,0.33640802822656485,8.747768234872904,-1.4257154116619875
977,-9.212526182030262,5.9714167600609045,0.3235768660691347
978,-2.5223999409204523,-5.450860656366579,0.14242688253080393
979,-0.7825619276262169,13.308710619941817,-0.19158456573390525
980,12.52525923566083,-3.6253102523341685,-0.12994815823642591
981,-2.363301351187408,-2.63680040737055,-0.040699991401000446
982,9.719243239761997,-4.791310599419282,-0.13154340671380327
983,1.1439215250694226,-7.241363841499121,-1.9125368994039218
984,-6.595960407567586,13.945970114961858,0.02684907505925027
985,1.7019664776318049,0.8455204544207343,-0.4079145785465874
986,1.0042298230472932,0.11902555377922108,0.08010478674086352
987,3.2538748608178696,-8.967427756295459,-1.2317858622720785
988,2.2114829669517237,-17.048162864415847,0.22571402818786135
989,-1.6819035293288136,-4.157111659500924,-0.01554136975359377
990,-7.12299281744724,3.6313346352995794,-0.10800593316896735
991,9.076745471455299,-4.796705043462033,0.14507610128897186
992,5.632777665992288,10.514118882060316,0.08997948210077089
993,0.23717194236571226,-0.5948754122194562,0.31713441230122275
994,-0.40697785875161613,-1.4349719251678126,0.1566386770226722
995,-10.301981224346573,1.6425956112308189,0.4419732023157965
996,-0.27189781796025136,-2.455555008401908,-0.0005910086083869004
997,0.8266040903318116,-4.268066291534654,0.03927998476912009
998,0.24398479977510779,-3.360788869056034,0.2058488060056618
999,4.259951844163612,-6.963476934446554,0.1290968082039274
